week: 0, day: daily-cal6
week: 1, day: daily-cal6
week: 1, day: daily-cal5
week: 2, day: daily-cal6
week: 2, day: daily-cal5
week: 3, day: daily-cal6
week: 3, day: daily-cal0
week: 4, day: daily-cal6
week: 4, day: daily-cal5
week: 5, day: daily-cal6
week: 5, day: daily-cal5
week: 6, day: daily-cal6
week: 7, day: daily-cal6
week: 8, day: daily-cal6
week: 8, day: daily-cal5
week: 9, day: daily-cal6
week: 10, day: daily-cal6
week: 11, day: daily-cal6
week: 12, day: daily-cal6
week: 12, day: daily-cal5
week: 12, day: daily-cal0
week: 13, day: daily-cal6
week: 13, day: daily-cal5
week: 14, day: daily-cal6
week: 14, day: daily-cal5
week: 14, day: daily-cal0
week: 15, day: daily-cal4
week: 16, day: daily-cal6
week: 17, day: daily-cal6
week: 18, day: daily-cal6
week: 18, day: daily-cal5
week: 20, day: daily-cal6
week: 21, day: daily-cal6
week: 22, day: daily-cal6
week: 23, day: daily-cal6
week: 24, day: daily-cal6
week: 24, day: daily-cal5
week: 25, day: daily-cal6
week: 26, day: daily-cal6
week: 26, day: daily-cal5
week: 27, day: daily-cal6
week: 27, day: daily-cal5
week: 27, day: daily-cal0
week: 28, day: daily-cal6
week: 28, day: daily-cal5
week: 29, day: daily-cal6
week: 29, day: daily-cal5
week: 30, day: daily-cal6
week: 30, day: daily-cal5
week: 31, day: daily-cal6
week: 32, day: daily-cal6
week: 32, day: daily-cal5
week: 33, day: daily-cal6
week: 33, day: daily-cal5
week: 34, day: daily-cal6
week: 34, day: daily-cal5
week: 35, day: daily-cal6
week: 35, day: daily-cal0
week: 36, day: daily-cal6
week: 36, day: daily-cal5
week: 37, day: daily-cal6
week: 38, day: daily-cal6
week: 38, day: daily-cal5
week: 39, day: daily-cal6
week: 40, day: daily-cal6
week: 41, day: daily-cal6
week: 41, day: daily-cal5
week: 41, day: daily-cal0
week: 42, day: daily-cal6
week: 42, day: daily-cal5
week: 43, day: daily-cal6
week: 43, day: daily-cal5
week: 44, day: daily-cal6
week: 45, day: daily-cal6
week: 45, day: daily-cal5
week: 46, day: daily-cal6
week: 48, day: daily-cal5
week: 49, day: daily-cal6
week: 49, day: daily-cal5
week: 50, day: daily-cal6
week: 50, day: daily-cal5
week: 51, day: daily-cal6
week: 51, day: daily-cal5
week: 52, day: daily-cal6
week: 52, day: daily-cal5
week: 52, day: daily-cal0
week: 53, day: daily-cal6
week: 54, day: daily-cal6
week: 54, day: daily-cal5
week: 54, day: daily-cal0
week: 55, day: daily-cal6
week: 56, day: daily-cal6
week: 56, day: daily-cal5
week: 57, day: daily-cal6
week: 57, day: daily-cal5
week: 58, day: daily-cal6
week: 59, day: daily-cal6
week: 60, day: daily-cal6
week: 60, day: daily-cal5
week: 61, day: daily-cal6
week: 61, day: daily-cal5
week: 62, day: daily-cal6
week: 62, day: daily-cal5
week: 63, day: daily-cal6
week: 63, day: daily-cal5
week: 63, day: daily-cal0
week: 64, day: daily-cal6
week: 64, day: daily-cal5
week: 65, day: daily-cal6
week: 66, day: daily-cal6
week: 66, day: daily-cal5
week: 67, day: daily-cal6
week: 67, day: daily-cal5
week: 68, day: daily-cal6
week: 69, day: daily-cal6
week: 69, day: daily-cal5
week: 70, day: daily-cal6
week: 70, day: daily-cal5
week: 70, day: daily-cal0
week: 71, day: daily-cal0
week: 73, day: daily-cal6
week: 74, day: daily-cal6
week: 75, day: daily-cal6
week: 75, day: daily-cal5
week: 76, day: daily-cal6
week: 76, day: daily-cal5
week: 77, day: daily-cal6
week: 77, day: daily-cal0
week: 78, day: daily-cal6
week: 78, day: daily-cal0
week: 79, day: daily-cal6
week: 80, day: daily-cal6
week: 80, day: daily-cal5
week: 81, day: daily-cal6
week: 81, day: daily-cal5
week: 82, day: daily-cal6
week: 82, day: daily-cal5
week: 83, day: daily-cal6
week: 84, day: daily-cal6
week: 84, day: daily-cal5
week: 85, day: daily-cal6
week: 86, day: daily-cal6
week: 86, day: daily-cal5
week: 87, day: daily-cal6
week: 87, day: daily-cal5
week: 88, day: daily-cal6
week: 88, day: daily-cal5
week: 89, day: daily-cal6
week: 89, day: daily-cal5
week: 90, day: daily-cal6
week: 90, day: daily-cal0
week: 91, day: daily-cal6
week: 91, day: daily-cal5
week: 92, day: daily-cal6
week: 92, day: daily-cal5
week: 93, day: daily-cal6
week: 93, day: daily-cal5
week: 94, day: daily-cal6
week: 94, day: daily-cal5
week: 96, day: daily-cal6
week: 97, day: daily-cal6
week: 98, day: daily-cal6
week: 98, day: daily-cal5
week: 99, day: daily-cal6
week: 99, day: daily-cal5
week: 100, day: daily-cal6
week: 101, day: daily-cal6
week: 101, day: daily-cal0
week: 102, day: daily-cal6
week: 103, day: daily-cal6
week: 104, day: daily-cal6
week: 104, day: daily-cal5
week: 105, day: daily-cal6
week: 105, day: daily-cal5
week: 106, day: daily-cal6
week: 106, day: daily-cal5
week: 107, day: daily-cal6
week: 108, day: daily-cal6
week: 108, day: daily-cal5
week: 109, day: daily-cal6
week: 109, day: daily-cal5
week: 110, day: daily-cal6
week: 110, day: daily-cal5
week: 111, day: daily-cal6
week: 111, day: daily-cal5
week: 112, day: daily-cal6
week: 112, day: daily-cal5
week: 113, day: daily-cal6
week: 113, day: daily-cal5
week: 114, day: daily-cal6
week: 114, day: daily-cal5
week: 115, day: daily-cal6
week: 116, day: daily-cal6
week: 116, day: daily-cal5
week: 117, day: daily-cal6
week: 117, day: daily-cal5
week: 118, day: daily-cal6
week: 118, day: daily-cal5
week: 119, day: daily-cal6
week: 120, day: daily-cal6
week: 120, day: daily-cal5
week: 121, day: daily-cal6
week: 121, day: daily-cal5
week: 122, day: daily-cal6
week: 122, day: daily-cal5
week: 123, day: daily-cal6
week: 123, day: daily-cal5
week: 124, day: daily-cal6
week: 124, day: daily-cal5
week: 125, day: daily-cal6
week: 125, day: daily-cal5
week: 125, day: daily-cal0
week: 126, day: daily-cal6
week: 126, day: daily-cal5
week: 127, day: daily-cal6
week: 127, day: daily-cal5
week: 128, day: daily-cal6
week: 129, day: daily-cal6
week: 129, day: daily-cal5
week: 129, day: daily-cal0
week: 130, day: daily-cal6
week: 131, day: daily-cal6
week: 132, day: daily-cal6
week: 133, day: daily-cal6
week: 133, day: daily-cal5
week: 134, day: daily-cal6
week: 134, day: daily-cal5
week: 135, day: daily-cal6
week: 135, day: daily-cal5
week: 135, day: daily-cal0
week: 136, day: daily-cal6
week: 136, day: daily-cal5
week: 137, day: daily-cal6
week: 137, day: daily-cal5
week: 138, day: daily-cal6
week: 138, day: daily-cal5
week: 139, day: daily-cal6
week: 139, day: daily-cal5
week: 140, day: daily-cal6
week: 141, day: daily-cal6
week: 141, day: daily-cal5
week: 142, day: daily-cal6
week: 142, day: daily-cal0
week: 143, day: daily-cal6
week: 143, day: daily-cal0
week: 144, day: daily-cal6
week: 145, day: daily-cal6
week: 145, day: daily-cal5
week: 146, day: daily-cal6
week: 146, day: daily-cal5
week: 147, day: daily-cal6
week: 147, day: daily-cal5
week: 148, day: daily-cal6
week: 148, day: daily-cal5
week: 149, day: daily-cal6
week: 149, day: daily-cal5
week: 150, day: daily-cal6
week: 150, day: daily-cal5
week: 151, day: daily-cal6
week: 151, day: daily-cal5
week: 152, day: daily-cal6
week: 152, day: daily-cal5
week: 152, day: daily-cal0
week: 153, day: daily-cal6
week: 153, day: daily-cal0
week: 154, day: daily-cal6
week: 154, day: daily-cal5
week: 155, day: daily-cal6
week: 156, day: daily-cal6
week: 156, day: daily-cal5
week: 157, day: daily-cal6
week: 157, day: daily-cal0
week: 158, day: daily-cal6
week: 158, day: daily-cal5
week: 159, day: daily-cal6
week: 159, day: daily-cal5
week: 160, day: daily-cal6
week: 160, day: daily-cal5
week: 161, day: daily-cal6
week: 161, day: daily-cal5
week: 162, day: daily-cal6
week: 163, day: daily-cal6
week: 163, day: daily-cal5
week: 164, day: daily-cal6
week: 164, day: daily-cal5
week: 165, day: daily-cal6
week: 165, day: daily-cal5
week: 166, day: daily-cal6
week: 166, day: daily-cal5
week: 168, day: daily-cal5
week: 169, day: daily-cal6
week: 169, day: daily-cal5
week: 170, day: daily-cal6
week: 170, day: daily-cal5
week: 170, day: daily-cal0
week: 171, day: daily-cal6
week: 171, day: daily-cal5
week: 172, day: daily-cal6
week: 173, day: daily-cal6
week: 174, day: daily-cal6
week: 175, day: daily-cal6
week: 175, day: daily-cal5
week: 176, day: daily-cal6
week: 176, day: daily-cal5
week: 177, day: daily-cal6
week: 177, day: daily-cal5
week: 178, day: daily-cal6
week: 178, day: daily-cal5
week: 179, day: daily-cal6
week: 180, day: daily-cal6
week: 180, day: daily-cal5
week: 181, day: daily-cal6
week: 181, day: daily-cal5
week: 182, day: daily-cal6
week: 182, day: daily-cal5
week: 183, day: daily-cal6
week: 183, day: daily-cal5
week: 184, day: daily-cal6
week: 185, day: daily-cal6
week: 185, day: daily-cal5
week: 186, day: daily-cal6
week: 187, day: daily-cal6
week: 187, day: daily-cal5
week: 188, day: daily-cal6
week: 188, day: daily-cal5
week: 189, day: daily-cal6
week: 190, day: daily-cal6
week: 190, day: daily-cal5
week: 191, day: daily-cal6
week: 192, day: daily-cal6
week: 192, day: daily-cal5
week: 192, day: daily-cal0
week: 193, day: daily-cal6
week: 193, day: daily-cal5
week: 194, day: daily-cal6
week: 195, day: daily-cal6
week: 195, day: daily-cal5
week: 196, day: daily-cal6
week: 197, day: daily-cal6
week: 197, day: daily-cal5
week: 198, day: daily-cal6
week: 198, day: daily-cal5
week: 199, day: daily-cal6
week: 199, day: daily-cal5
week: 200, day: daily-cal6
week: 200, day: daily-cal5
week: 201, day: daily-cal6
week: 201, day: daily-cal5
week: 202, day: daily-cal6
week: 202, day: daily-cal5
week: 203, day: daily-cal6
week: 204, day: daily-cal6
week: 204, day: daily-cal5
week: 205, day: daily-cal6
week: 205, day: daily-cal5
week: 206, day: daily-cal6
week: 206, day: daily-cal5
week: 207, day: daily-cal6
week: 207, day: daily-cal5
week: 208, day: daily-cal6
week: 208, day: daily-cal5
week: 209, day: daily-cal6
week: 209, day: daily-cal5
week: 210, day: daily-cal6
week: 211, day: daily-cal6
week: 212, day: daily-cal6
week: 212, day: daily-cal5
week: 213, day: daily-cal6
week: 213, day: daily-cal5
week: 214, day: daily-cal6
week: 214, day: daily-cal5
week: 215, day: daily-cal6
week: 216, day: daily-cal6
week: 216, day: daily-cal5
week: 216, day: daily-cal0
week: 217, day: daily-cal6
week: 218, day: daily-cal6
week: 218, day: daily-cal5
week: 219, day: daily-cal6
week: 220, day: daily-cal6
week: 220, day: daily-cal0
week: 221, day: daily-cal6
week: 222, day: daily-cal6
week: 222, day: daily-cal5
week: 223, day: daily-cal6
week: 223, day: daily-cal5
week: 224, day: daily-cal6
week: 224, day: daily-cal5
week: 225, day: daily-cal6
week: 226, day: daily-cal6
week: 226, day: daily-cal0
week: 227, day: daily-cal0
week: 228, day: daily-cal6
week: 229, day: daily-cal6
week: 229, day: daily-cal5
week: 229, day: daily-cal0
week: 230, day: daily-cal6
week: 230, day: daily-cal0
week: 231, day: daily-cal6
week: 231, day: daily-cal5
week: 232, day: daily-cal6
week: 232, day: daily-cal5
week: 233, day: daily-cal6
week: 233, day: daily-cal5
week: 234, day: daily-cal6
week: 234, day: daily-cal0
week: 235, day: daily-cal6
week: 236, day: daily-cal6
week: 236, day: daily-cal5
week: 237, day: daily-cal6
week: 237, day: daily-cal5
week: 238, day: daily-cal6
week: 239, day: daily-cal6
week: 240, day: daily-cal6
week: 240, day: daily-cal5
week: 241, day: daily-cal6
week: 242, day: daily-cal6
week: 242, day: daily-cal5
week: 243, day: daily-cal6
week: 244, day: daily-cal6
week: 245, day: daily-cal6
week: 246, day: daily-cal6
week: 246, day: daily-cal0
week: 247, day: daily-cal6
week: 247, day: daily-cal5
week: 248, day: daily-cal6
week: 248, day: daily-cal5
week: 249, day: daily-cal6
week: 249, day: daily-cal5
week: 250, day: daily-cal6
week: 250, day: daily-cal5
week: 251, day: daily-cal6
week: 252, day: daily-cal6
week: 252, day: daily-cal5
week: 253, day: daily-cal6
week: 253, day: daily-cal5
week: 254, day: daily-cal6
week: 254, day: daily-cal0
week: 255, day: daily-cal6
week: 256, day: daily-cal6
week: 257, day: daily-cal6
week: 257, day: daily-cal5
week: 258, day: daily-cal6
week: 259, day: daily-cal6
week: 260, day: daily-cal6
week: 260, day: daily-cal5
week: 261, day: daily-cal6
week: 262, day: daily-cal6
week: 264, day: daily-cal6
week: 265, day: daily-cal6
week: 265, day: daily-cal5
week: 266, day: daily-cal6
week: 267, day: daily-cal6
week: 267, day: daily-cal5
week: 268, day: daily-cal6
week: 268, day: daily-cal5
week: 269, day: daily-cal6
week: 270, day: daily-cal6
week: 270, day: daily-cal5
week: 271, day: daily-cal6
week: 271, day: daily-cal5
week: 272, day: daily-cal6
week: 272, day: daily-cal5
week: 272, day: daily-cal0
week: 273, day: daily-cal6
week: 273, day: daily-cal5
week: 274, day: daily-cal6
week: 274, day: daily-cal5
week: 275, day: daily-cal6
week: 276, day: daily-cal6
week: 276, day: daily-cal5
week: 277, day: daily-cal6
week: 278, day: daily-cal6
week: 278, day: daily-cal5
week: 279, day: daily-cal6
week: 279, day: daily-cal5
week: 280, day: daily-cal6
week: 280, day: daily-cal5
week: 281, day: daily-cal6
week: 281, day: daily-cal5
week: 282, day: daily-cal6
week: 282, day: daily-cal5
week: 282, day: daily-cal0
week: 283, day: daily-cal6
week: 283, day: daily-cal5
week: 284, day: daily-cal6
week: 284, day: daily-cal5
week: 285, day: daily-cal6
week: 285, day: daily-cal5
week: 285, day: daily-cal0
week: 286, day: daily-cal6
week: 286, day: daily-cal0
week: 287, day: daily-cal6
week: 287, day: daily-cal0
week: 288, day: daily-cal6
week: 288, day: daily-cal0
week: 289, day: daily-cal6
week: 289, day: daily-cal5
week: 290, day: daily-cal6
week: 291, day: daily-cal6
week: 291, day: daily-cal5
week: 292, day: daily-cal6
week: 292, day: daily-cal5
week: 293, day: daily-cal6
week: 293, day: daily-cal5
week: 294, day: daily-cal6
week: 294, day: daily-cal5
week: 296, day: daily-cal6
week: 297, day: daily-cal6
week: 298, day: daily-cal6
week: 298, day: daily-cal5
week: 300, day: daily-cal6
week: 301, day: daily-cal6
week: 301, day: daily-cal5
week: 302, day: daily-cal6
week: 302, day: daily-cal5
week: 303, day: daily-cal6
week: 303, day: daily-cal5
week: 304, day: daily-cal6
week: 304, day: daily-cal5
week: 305, day: daily-cal6
week: 305, day: daily-cal5
week: 306, day: daily-cal6
week: 307, day: daily-cal6
week: 307, day: daily-cal5
week: 308, day: daily-cal6
week: 309, day: daily-cal6
week: 309, day: daily-cal5
week: 310, day: daily-cal6
week: 310, day: daily-cal5
week: 310, day: daily-cal0
week: 311, day: daily-cal6
week: 311, day: daily-cal0
week: 312, day: daily-cal6
week: 312, day: daily-cal5
week: 313, day: daily-cal6
week: 313, day: daily-cal5
week: 314, day: daily-cal6
week: 314, day: daily-cal5
week: 315, day: daily-cal6
week: 315, day: daily-cal5
week: 315, day: daily-cal0
week: 316, day: daily-cal6
week: 316, day: daily-cal5
week: 317, day: daily-cal6
week: 317, day: daily-cal5
week: 318, day: daily-cal6
week: 318, day: daily-cal5
week: 319, day: daily-cal6
week: 320, day: daily-cal6
week: 320, day: daily-cal5
week: 321, day: daily-cal6
week: 321, day: daily-cal5
week: 322, day: daily-cal6
week: 322, day: daily-cal5
week: 323, day: daily-cal6
week: 324, day: daily-cal6
week: 324, day: daily-cal5
week: 325, day: daily-cal6
week: 325, day: daily-cal5
week: 326, day: daily-cal6
week: 326, day: daily-cal5
week: 327, day: daily-cal6
week: 327, day: daily-cal5
week: 328, day: daily-cal6
week: 328, day: daily-cal5
week: 329, day: daily-cal6
week: 329, day: daily-cal5
week: 330, day: daily-cal6
week: 331, day: daily-cal6
week: 331, day: daily-cal5
week: 332, day: daily-cal6
week: 332, day: daily-cal5
week: 333, day: daily-cal6
week: 334, day: daily-cal6
week: 334, day: daily-cal5
week: 335, day: daily-cal6
week: 336, day: daily-cal6
week: 336, day: daily-cal5
week: 337, day: daily-cal6
week: 338, day: daily-cal6
week: 338, day: daily-cal5
week: 339, day: daily-cal6
week: 339, day: daily-cal0
week: 340, day: daily-cal6
week: 341, day: daily-cal6
week: 341, day: daily-cal5
week: 342, day: daily-cal6
week: 342, day: daily-cal5
week: 342, day: daily-cal0
week: 343, day: daily-cal6
week: 343, day: daily-cal0
week: 344, day: daily-cal6
week: 344, day: daily-cal5
week: 345, day: daily-cal6
week: 345, day: daily-cal5
week: 346, day: daily-cal6
week: 346, day: daily-cal5
week: 347, day: daily-cal6
week: 350, day: daily-cal6
week: 351, day: daily-cal6
week: 352, day: daily-cal6
week: 353, day: daily-cal6
week: 354, day: daily-cal6
week: 354, day: daily-cal5
week: 355, day: daily-cal6
week: 355, day: daily-cal5
week: 357, day: daily-cal6
week: 359, day: daily-cal6
week: 360, day: daily-cal6
week: 360, day: daily-cal5
week: 361, day: daily-cal6
week: 361, day: daily-cal5
week: 362, day: daily-cal6
week: 363, day: daily-cal6
week: 363, day: daily-cal0
week: 364, day: daily-cal6
week: 365, day: daily-cal6
week: 365, day: daily-cal5
week: 366, day: daily-cal6
week: 366, day: daily-cal5
week: 367, day: daily-cal6
week: 367, day: daily-cal5
week: 368, day: daily-cal6
week: 368, day: daily-cal5
week: 369, day: daily-cal6
week: 369, day: daily-cal5
week: 370, day: daily-cal6
week: 370, day: daily-cal5
week: 372, day: daily-cal6
week: 373, day: daily-cal6
week: 373, day: daily-cal5
week: 374, day: daily-cal6
week: 374, day: daily-cal5
week: 375, day: daily-cal6
week: 375, day: daily-cal5
week: 376, day: daily-cal6
week: 376, day: daily-cal5
week: 377, day: daily-cal6
week: 377, day: daily-cal5
week: 377, day: daily-cal0
week: 378, day: daily-cal6
week: 378, day: daily-cal5
week: 379, day: daily-cal6
week: 379, day: daily-cal5
week: 380, day: daily-cal6
week: 380, day: daily-cal5
week: 381, day: daily-cal6
week: 381, day: daily-cal5
week: 382, day: daily-cal6
week: 382, day: daily-cal5
week: 0, day: daily-cal6
week: 1, day: daily-cal6
week: 1, day: daily-cal5
week: 2, day: daily-cal6
week: 2, day: daily-cal5
week: 3, day: daily-cal6
week: 4, day: daily-cal6
week: 5, day: daily-cal6
week: 5, day: daily-cal5
week: 6, day: daily-cal6
week: 7, day: daily-cal6
week: 7, day: daily-cal5
week: 8, day: daily-cal6
week: 8, day: daily-cal5
week: 8, day: daily-cal0
week: 9, day: daily-cal6
week: 9, day: daily-cal5
week: 10, day: daily-cal6
week: 10, day: daily-cal5
week: 11, day: daily-cal6
week: 12, day: daily-cal6
week: 12, day: daily-cal5
week: 12, day: daily-cal0
week: 13, day: daily-cal6
week: 13, day: daily-cal5
week: 13, day: daily-cal0
week: 14, day: daily-cal6
week: 14, day: daily-cal5
week: 15, day: daily-cal6
week: 15, day: daily-cal5
week: 16, day: daily-cal6
week: 16, day: daily-cal5
week: 17, day: daily-cal6
week: 18, day: daily-cal6
week: 19, day: daily-cal6
week: 19, day: daily-cal5
week: 20, day: daily-cal6
week: 20, day: daily-cal5
week: 21, day: daily-cal6
week: 21, day: daily-cal5
week: 22, day: daily-cal6
week: 22, day: daily-cal5
week: 23, day: daily-cal6
week: 24, day: daily-cal6
week: 24, day: daily-cal5
week: 25, day: daily-cal4
week: 26, day: daily-cal6
week: 26, day: daily-cal5
week: 27, day: daily-cal6
week: 28, day: daily-cal6
week: 28, day: daily-cal5
week: 29, day: daily-cal6
week: 29, day: daily-cal5
week: 30, day: daily-cal6
week: 31, day: daily-cal6
week: 31, day: daily-cal0
week: 32, day: daily-cal6
week: 33, day: daily-cal6
week: 33, day: daily-cal5
week: 34, day: daily-cal6
week: 34, day: daily-cal5
week: 35, day: daily-cal6
week: 36, day: daily-cal6
week: 36, day: daily-cal5
week: 37, day: daily-cal6
week: 37, day: daily-cal5
week: 39, day: daily-cal6
week: 39, day: daily-cal5
week: 40, day: daily-cal5
week: 41, day: daily-cal6
week: 41, day: daily-cal5
week: 42, day: daily-cal6
week: 42, day: daily-cal5
week: 43, day: daily-cal6
week: 44, day: daily-cal6
week: 44, day: daily-cal0
week: 45, day: daily-cal6
week: 46, day: daily-cal6
week: 46, day: daily-cal5
week: 47, day: daily-cal6
week: 48, day: daily-cal6
week: 48, day: daily-cal5
week: 49, day: daily-cal4
week: 50, day: daily-cal6
week: 50, day: daily-cal5
week: 51, day: daily-cal6
week: 52, day: daily-cal6
week: 53, day: daily-cal6
week: 53, day: daily-cal5
week: 54, day: daily-cal6
week: 55, day: daily-cal6
week: 55, day: daily-cal0
week: 56, day: daily-cal6
week: 57, day: daily-cal6
week: 57, day: daily-cal5
week: 58, day: daily-cal6
week: 58, day: daily-cal5
week: 59, day: daily-cal6
week: 60, day: daily-cal6
week: 60, day: daily-cal5
week: 61, day: daily-cal6
week: 61, day: daily-cal5
week: 61, day: daily-cal0
week: 62, day: daily-cal6
week: 62, day: daily-cal5
week: 63, day: daily-cal6
week: 63, day: daily-cal5
week: 64, day: daily-cal6
week: 64, day: daily-cal5
week: 65, day: daily-cal6
week: 65, day: daily-cal5
week: 66, day: daily-cal6
week: 66, day: daily-cal5
week: 67, day: daily-cal6
week: 67, day: daily-cal5
week: 68, day: daily-cal6
week: 68, day: daily-cal5
week: 69, day: daily-cal6
week: 69, day: daily-cal5
week: 69, day: daily-cal0
week: 70, day: daily-cal6
week: 70, day: daily-cal5
week: 71, day: daily-cal6
week: 72, day: daily-cal6
week: 72, day: daily-cal5
week: 73, day: daily-cal6
week: 73, day: daily-cal5
week: 74, day: daily-cal6
week: 74, day: daily-cal5
week: 75, day: daily-cal6
week: 76, day: daily-cal6
week: 77, day: daily-cal6
week: 77, day: daily-cal5
week: 78, day: daily-cal6
week: 78, day: daily-cal5
week: 79, day: daily-cal6
week: 79, day: daily-cal5
week: 80, day: daily-cal6
week: 80, day: daily-cal5
week: 81, day: daily-cal6
week: 81, day: daily-cal5
week: 82, day: daily-cal6
week: 82, day: daily-cal5
week: 83, day: daily-cal6
week: 84, day: daily-cal6
week: 84, day: daily-cal5
week: 85, day: daily-cal6
week: 85, day: daily-cal5
week: 86, day: daily-cal6
week: 86, day: daily-cal5
week: 86, day: daily-cal0
week: 87, day: daily-cal6
week: 88, day: daily-cal6
week: 88, day: daily-cal5
week: 88, day: daily-cal0
week: 89, day: daily-cal6
week: 90, day: daily-cal6
week: 90, day: daily-cal5
week: 91, day: daily-cal6
week: 91, day: daily-cal5
week: 92, day: daily-cal6
week: 92, day: daily-cal5
week: 93, day: daily-cal6
week: 93, day: daily-cal5
week: 94, day: daily-cal6
week: 94, day: daily-cal5
week: 95, day: daily-cal6
week: 96, day: daily-cal6
week: 96, day: daily-cal5
week: 97, day: daily-cal6
week: 98, day: daily-cal6
week: 98, day: daily-cal5
week: 99, day: daily-cal6
week: 99, day: daily-cal5
week: 100, day: daily-cal6
week: 101, day: daily-cal6
week: 101, day: daily-cal5
week: 102, day: daily-cal6
week: 102, day: daily-cal5
week: 103, day: daily-cal6
week: 103, day: daily-cal0
week: 104, day: daily-cal6
week: 105, day: daily-cal6
week: 106, day: daily-cal6
week: 106, day: daily-cal5
week: 107, day: daily-cal6
week: 108, day: daily-cal6
week: 108, day: daily-cal5
week: 109, day: daily-cal6
week: 110, day: daily-cal6
week: 110, day: daily-cal5
week: 111, day: daily-cal6
week: 111, day: daily-cal3
week: 111, day: daily-cal0
week: 112, day: daily-cal6
week: 112, day: daily-cal5
week: 112, day: daily-cal0
week: 113, day: daily-cal6
week: 114, day: daily-cal6
week: 115, day: daily-cal6
week: 115, day: daily-cal5
week: 116, day: daily-cal6
week: 116, day: daily-cal5
week: 116, day: daily-cal0
week: 117, day: daily-cal6
week: 117, day: daily-cal5
week: 118, day: daily-cal6
week: 118, day: daily-cal5
week: 119, day: daily-cal6
week: 120, day: daily-cal6
week: 120, day: daily-cal5
week: 121, day: daily-cal6
week: 121, day: daily-cal0
week: 122, day: daily-cal6
week: 122, day: daily-cal5
week: 123, day: daily-cal6
week: 124, day: daily-cal6
week: 124, day: daily-cal5
week: 125, day: daily-cal6
week: 125, day: daily-cal5
week: 126, day: daily-cal6
week: 126, day: daily-cal5
week: 126, day: daily-cal4
week: 127, day: daily-cal6
week: 127, day: daily-cal5
week: 128, day: daily-cal6
week: 128, day: daily-cal5
week: 129, day: daily-cal6
week: 129, day: daily-cal5
week: 130, day: daily-cal6
week: 131, day: daily-cal6
week: 132, day: daily-cal6
week: 133, day: daily-cal6
week: 133, day: daily-cal5
week: 134, day: daily-cal6
week: 134, day: daily-cal5
week: 135, day: daily-cal6
week: 135, day: daily-cal0
week: 136, day: daily-cal6
week: 136, day: daily-cal5
week: 137, day: daily-cal6
week: 137, day: daily-cal5
week: 138, day: daily-cal6
week: 138, day: daily-cal5
week: 138, day: daily-cal4
week: 138, day: daily-cal3
week: 138, day: daily-cal2
week: 138, day: daily-cal1
week: 138, day: daily-cal0
week: 139, day: daily-cal6
week: 139, day: daily-cal5
week: 139, day: daily-cal4
week: 139, day: daily-cal3
week: 139, day: daily-cal2
week: 139, day: daily-cal1
week: 139, day: daily-cal0
week: 140, day: daily-cal6
week: 140, day: daily-cal5
week: 140, day: daily-cal4
week: 140, day: daily-cal3
week: 140, day: daily-cal2
week: 140, day: daily-cal1
week: 140, day: daily-cal0
week: 141, day: daily-cal6
week: 141, day: daily-cal5
week: 141, day: daily-cal4
week: 141, day: daily-cal3
week: 141, day: daily-cal2
week: 141, day: daily-cal1
week: 141, day: daily-cal0
week: 142, day: daily-cal6
week: 142, day: daily-cal5
week: 142, day: daily-cal4
week: 142, day: daily-cal3
week: 142, day: daily-cal2
week: 142, day: daily-cal1
week: 142, day: daily-cal0
week: 143, day: daily-cal6
week: 143, day: daily-cal5
week: 143, day: daily-cal4
week: 143, day: daily-cal3
week: 143, day: daily-cal2
week: 143, day: daily-cal1
week: 143, day: daily-cal0
